Item;Serving Size;Calories;Calories from Fat;Total Fat;Saturated Fat;Trans Fat;Cholesterol;Sodium;Carbohydrates;Dietary Fiber;Sugars;Protein;Category ID
Egg McMuffin;4.8 oz (136 g);300.0;120 cal;13,0;5.0;0.0;260;750;31;4;3;17;2
Egg White Delight;4.8 oz (135 g);250.0;70 cal;8,0;3.0;0.0;25;770;30;4;3;18;2
Sausage McMuffin;3.9 oz (111 g);370.0;200 cal;23,0;8.0;0.0;45;780;29;4;2;14;2
Sausage McMuffin with Egg;5.7 oz (161 g);450.0;250 cal;28,0;10.0;0.0;285;860;30;4;2;21;2
Sausage McMuffin with Egg Whites;5.7 oz (161 g);400.0;210 cal;23,0;8.0;0.0;50;880;30;4;2;21;2
Steak & Egg McMuffin;6.5 oz (185 g);430.0;210 cal;23,0;9.0;1.0;300;960;31;4;3;26;2
Bacon, Egg & Cheese Biscuit (Regular Biscuit);5.3 oz (150 g);460.0;230 cal;26,0;13.0;0.0;250;1300;38;2;3;19;2
Bacon, Egg & Cheese Biscuit (Large Biscuit);5.8 oz (164 g);520.0;270 cal;30,0;14.0;0.0;250;1410;43;3;4;19;2
Bacon, Egg & Cheese Biscuit with Egg Whites (Regular Biscuit);5.4 oz (153 g);410.0;180 cal;20,0;11.0;0.0;35;1300;36;2;3;20;2
Bacon, Egg & Cheese Biscuit with Egg Whites (Large Biscuit);5.9 oz (167 g);470.0;220 cal;25,0;12.0;0.0;35;1420;42;3;4;20;2
Sausage Biscuit (Regular Biscuit);4.1 oz (117 g);430.0;240 cal;27,0;12.0;0.0;30;1080;34;2;2;11;2
Sausage Biscuit (Large Biscuit);4.6 oz (131 g);480.0;280 cal;31,0;13.0;0.0;30;1190;39;3;3;11;2
Sausage Biscuit with Egg (Regular Biscuit);5.7 oz (163 g);510.0;290 cal;33,0;14.0;0.0;250;1170;36;2;2;18;2
Sausage Biscuit with Egg (Large Biscuit);6.2 oz (177 g);570.0;330 cal;37,0;15.0;0.0;250;1280;42;3;3;18;2
Sausage Biscuit with Egg Whites (Regular Biscuit);5.9 oz (167 g);460.0;250 cal;27,0;12.0;0.0;35;1180;34;2;3;18;2
Sausage Biscuit with Egg Whites (Large Biscuit);6.4 oz (181 g);520.0;280 cal;32,0;13.0;0.0;35;1290;40;3;3;18;2
Southern Style Chicken Biscuit (Regular Biscuit);5 oz (143 g);410.0;180 cal;20,0;8.0;0.0;30;1180;41;2;3;17;2
Southern Style Chicken Biscuit (Large Biscuit);5.5 oz (157 g);470.0;220 cal;24,0;9.0;0.0;30;1290;46;3;4;17;2
Steak & Egg Biscuit (Regular Biscuit);7.1 oz (201 g);540.0;290 cal;32,0;16.0;1.0;280;1470;38;2;3;25;2
Bacon, Egg & Cheese McGriddles;6.1 oz (174 g);460.0;190 cal;21,0;9.0;0.0;250;1250;48;2;15;19;2
Bacon, Egg & Cheese McGriddles with Egg Whites;6.3 oz (178 g);400.0;140 cal;15,0;7.0;0.0;35;1250;47;2;16;20;2
Sausage McGriddles;5 oz (141 g);420.0;200 cal;22,0;8.0;0.0;35;1030;44;2;15;11;2
Sausage, Egg & Cheese McGriddles;7.1 oz (201 g);550.0;280 cal;31,0;12.0;0.0;265;1320;48;2;15;20;2
Sausage, Egg & Cheese McGriddles with Egg Whites;7.2 oz (205 g);500.0;230 cal;26,0;10.0;0.0;50;1320;46;2;15;21;2
Bacon, Egg & Cheese Bagel;6.9 oz (197 g);620.0;280 cal;31,0;11.0;0.5;275;1480;57;3;7;30;2
Bacon, Egg & Cheese Bagel with Egg Whites;7.1 oz (201 g);570.0;230 cal;25,0;9.0;0.5;60;1480;55;3;8;30;2
Steak, Egg & Cheese Bagel;8.5 oz (241 g);670.0;310 cal;35,0;13.0;1.5;295;1510;56;3;7;33;2
Big Breakfast (Regular Biscuit);9.5 oz (269 g);740.0;430 cal;48,0;17.0;0.0;555;1560;51;3;3;28;2
Big Breakfast (Large Biscuit);10 oz (283 g);800.0;470 cal;52,0;18.0;0.0;555;1680;56;4;3;28;2
Big Breakfast with Egg Whites (Regular Biscuit);9.6 oz (272 g);640.0;330 cal;37,0;14.0;0.0;35;1590;50;3;3;26;2
Big Breakfast with Egg Whites (Large Biscuit);10.1 oz (286 g);690.0;370 cal;41,0;14.0;0.0;35;1700;55;4;4;26;2
Big Breakfast with Hotcakes (Regular Biscuit);14.8 oz (420 g);1090.0;510 cal;56,0;19.0;0.0;575;2150;111;6;17;36;2
Big Breakfast with Hotcakes (Large Biscuit);15.3 oz (434 g);1150.0;540 cal;60,0;20.0;0.0;575;2260;116;7;17;36;2
Big Breakfast with Hotcakes and Egg Whites (Regular Biscuit);14.9 oz (423 g);990.0;410 cal;46,0;16.0;0.0;55;2170;110;6;17;35;2
Big Breakfast with Hotcakes and Egg Whites (Large Biscuit);15.4 oz (437 g);1050.0;450 cal;50,0;16.0;0.0;55;2290;115;7;18;35;2
Hotcakes;5.3 oz (151 g);350.0;80 cal;9,0;2.0;0.0;20;590;60;3;14;8;2
Hotcakes and Sausage;6.8 oz (192 g);520.0;210 cal;24,0;7.0;0.0;50;930;61;3;14;15;2
Sausage Burrito;3.9 oz (111 g);300.0;150 cal;16,0;7.0;0.0;115;790;26;1;2;12;2
Hash Brown;2 oz (56 g);150.0;80 cal;9,0;1.5;0.0;0;310;15;2;0;1;2
Cinnamon Melts;4 oz (114 g);460.0;170 cal;19,0;9.0;0.0;15;370;66;3;32;6;2
Fruit & Maple Oatmeal;9.6 oz (251 g);290.0;35 cal;4,0;1.5;0.0;5;160;58;5;32;5;2
Fruit & Maple Oatmeal without Brown Sugar;9.6 oz (251 g);260.0;40 cal;4,0;1.5;0.0;5;115;49;5;18;5;2
Big Mac;7.4 oz (211 g);530.0;240 cal;27,0;10.0;1.0;85;960;47;3;9;24;0
Quarter Pounder with Cheese;7.1 oz (202 g);520.0;240 cal;26,0;12.0;1.5;95;1100;41;3;10;30;0
Quarter Pounder with Bacon & Cheese;8 oz (227 g);600.0;260 cal;29,0;13.0;1.5;105;1440;48;3;12;37;0
Quarter Pounder with Bacon Habanero Ranch;8.3 oz (235 g);610.0;280 cal;31,0;13.0;1.5;105;1180;46;3;10;37;0
Quarter Pounder Deluxe;8.6 oz (244 g);540.0;250 cal;27,0;11.0;1.5;85;960;45;3;9;29;0
Double Quarter Pounder with Cheese;10 oz (283 g);750.0;380 cal;43,0;19.0;2.5;160;1280;42;3;10;48;0
Hamburger;3.5 oz (98 g);240.0;70 cal;8,0;3.0;0.0;30;480;32;1;6;12;0
Cheeseburger;4 oz (113 g);290.0;100 cal;11,0;5.0;0.5;45;680;33;2;7;15;0
Double Cheeseburger;5.7 oz (161 g);430.0;190 cal;21,0;10.0;1.0;90;1040;35;2;7;24;0
Bacon Clubhouse Burger;9.5 oz (270 g);720.0;360 cal;40,0;15.0;1.5;115;1470;51;4;14;39;0
McDouble;5.2 oz (147 g);380.0;150 cal;17,0;8.0;1.0;75;840;34;2;7;22;0
Bacon McDouble;5.7 oz (161 g);440.0;200 cal;22,0;10.0;1.0;90;1110;35;2;7;27;0
Daily Double;6.7 oz (190 g);430.0;200 cal;22,0;9.0;1.0;80;760;34;2;7;22;0
Jalapeño Double;5.6 oz (159 g);430.0;210 cal;23,0;9.0;1.0;80;1030;35;2;6;22;0
McRib;7.3 oz (208 g);500.0;240 cal;26,0;10.0;0.0;70;980;44;3;11;22;0
Premium Crispy Chicken Classic Sandwich;7.5 oz (213 g);510.0;200 cal;22,0;3.5;0.0;45;990;55;3;10;24;3
Premium Grilled Chicken Classic Sandwich;7 oz (200 g);350.0;80 cal;9,0;2.0;0.0;65;820;42;3;8;28;3
Premium Crispy Chicken Club Sandwich;8.8 oz (249 g);670.0;300 cal;33,0;9.0;0.0;85;1410;58;3;11;36;3
Premium Grilled Chicken Club Sandwich;8.3 oz (235 g);510.0;180 cal;20,0;7.0;0.0;105;1250;44;3;9;40;3
Premium Crispy Chicken Ranch BLT Sandwich;8.1 oz (230 g);610.0;250 cal;28,0;6.0;0.0;70;1400;57;3;11;32;3
Premium Grilled Chicken Ranch BLT Sandwich;7.6 oz (217 g);450.0;130 cal;15,0;4.5;0.0;90;1230;43;3;9;36;3
Bacon Clubhouse Crispy Chicken Sandwich;10 oz (284 g);750.0;340 cal;38,0;10.0;0.5;90;1720;65;4;16;36;3
Bacon Clubhouse Grilled Chicken Sandwich;9.5 oz (270 g);590.0;230 cal;25,0;8.0;0.0;110;1560;51;4;14;40;3
Southern Style Crispy Chicken Sandwich;5.6 oz (160 g);430.0;170 cal;19,0;3.0;0.0;45;910;43;2;7;21;3
McChicken;5.1 oz (143 g);360.0;140 cal;16,0;3.0;0.0;35;800;40;2;5;14;3
Bacon Cheddar McChicken;6 oz (171 g);480.0;220 cal;24,0;7.0;0.0;65;1260;43;2;6;22;3
Bacon Buffalo Ranch McChicken;5.7 oz (161 g);430.0;190 cal;21,0;5.0;0.0;50;1260;41;2;6;20;3
Buffalo Ranch McChicken;5.2 oz (148 g);360.0;150 cal;16,0;3.0;0.0;35;990;40;2;5;14;3
Premium McWrap Chicken & Bacon (Crispy Chicken);11.1 oz (316 g);630.0;280 cal;32,0;9.0;0.5;80;1540;56;3;7;32;3
Premium McWrap Chicken & Bacon (Grilled Chicken);10.7 oz (302 g);480.0;170 cal;19,0;7.0;0.0;95;1370;42;3;6;36;3
Premium McWrap Chicken & Ranch (Crispy Chicken);10.9 oz (310 g);610.0;280 cal;31,0;8.0;0.5;65;1340;56;3;8;27;3
Premium McWrap Chicken & Ranch (Grilled Chicken);10.5 oz (297 g);450.0;160 cal;18,0;6.0;0.5;80;1170;42;3;6;30;3
Premium McWrap Southwest Chicken (Crispy Chicken);11.1 oz (314 g);670.0;300 cal;33,0;8.0;0.5;60;1480;68;5;12;27;3
Premium McWrap Southwest Chicken (Grilled Chicken);11.2 oz (318 g);520.0;180 cal;20,0;6.0;0.0;80;1320;55;5;10;31;3
Premium McWrap Chicken Sweet Chili (Crispy Chicken);10.7 oz (304 g);540.0;200 cal;23,0;4.5;0.0;50;1260;61;3;14;23;3
Premium McWrap Chicken Sweet Chili (Grilled Chicken);10.3 oz (291 g);380.0;90 cal;10,0;3.0;0.0;65;1090;47;3;12;27;3
Chicken McNuggets (4 piece);2.3 oz (65 g);190.0;110 cal;12,0;2.0;0.0;25;360;12;1;0;9;3
Chicken McNuggets (6 piece);3.4 oz (97 g);280.0;160 cal;18,0;3.0;0.0;40;540;18;1;0;13;3
Chicken McNuggets (10 piece);5.7 oz (162 g);470.0;270 cal;30,0;5.0;0.0;65;900;30;2;0;22;3
Chicken McNuggets (20 piece);11.4 oz (323 g);940.0;530 cal;59,0;10.0;0.0;135;1800;59;3;0;44;3
Chicken McNuggets (40 piece);22.8 oz (646 g);1880.0;1060 cal;118,0;20.0;1.0;265;3600;118;6;1;87;3
Filet-O-Fish;5 oz (142 g);390.0;170 cal;19,0;4.0;0.0;40;590;39;2;5;15;3
Premium Bacon Ranch Salad (without Chicken);7.9 oz (223 g);140.0;70 cal;7,0;3.5;0.0;25;300;10;3;4;9;6
Premium Bacon Ranch Salad with Crispy Chicken;9 oz (255 g);380.0;190 cal;21,0;6.0;0.0;70;860;22;2;5;25;6
Premium Bacon Ranch Salad with Grilled Chicken;8.5 oz (241 g);220.0;80 cal;8,0;4.0;0.0;85;690;8;2;4;29;6
Premium Southwest Salad (without Chicken);8.1 oz (230 g);140.0;40 cal;4,5;2.0;0.0;10;150;20;6;6;6;6
Premium Southwest Salad with Crispy Chicken;12.3 oz (348 g);450.0;190 cal;22,0;4.5;0.0;50;850;42;7;12;23;6
Premium Southwest Salad with Grilled Chicken;11.8 oz (335 g);290.0;80 cal;8,0;2.5;0.0;70;680;28;7;10;27;6
Chipotle BBQ Snack Wrap (Crispy Chicken);4.6 oz (130 g);340.0;130 cal;15,0;4.5;0.0;30;780;37;1;8;14;8
Chipotle BBQ Snack Wrap (Grilled Chicken);4.3 oz (123 g);260.0;70 cal;8,0;3.5;0.0;40;700;30;1;7;16;8
Honey Mustard Snack Wrap (Crispy Chicken);4.3 oz (123 g);330.0;130 cal;15,0;4.5;0.0;35;730;34;1;3;14;8
Honey Mustard Snack Wrap (Grilled Chicken);4.1 oz (116 g);250.0;70 cal;8,0;3.5;0.0;45;650;27;1;2;16;8
Ranch Snack Wrap (Crispy Chicken);4.5 oz (128 g);360.0;180 cal;20,0;5.0;0.0;40;810;32;1;3;15;8
Ranch Snack Wrap (Grilled Chicken);4.3 oz (121 g);280.0;120 cal;13,0;4.5;0.0;45;720;25;1;2;16;8
Small French Fries;2.6 oz (75 g);230.0;100 cal;11,0;1.5;0.0;0;130;30;2;0;2;8
Medium French Fries;3.9 oz (111 g);340.0;140 cal;16,0;2.5;0.0;0;190;44;4;0;4;8
Large French Fries;5.9 oz (168 g);510.0;220 cal;24,0;3.5;0.0;0;290;67;5;0;6;8
Kids French Fries;1.3 oz (38 g);110.0;50 cal;5,0;1.0;0.0;0;65;15;1;0;1;8
Side Salad;3.1 oz (87 g);20.0;0 cal;0,0;0.0;0.0;0;10;4;1;2;1;8
Apple Slices;1.2 oz (34 g);15.0;0 cal;0,0;0.0;0.0;0;0;4;0;3;0;8
Fruit 'n Yogurt Parfait;5.2 oz (149 g);150.0;20 cal;2,0;1.0;0.0;5;70;30;1;23;4;8
Baked Apple Pie;2.7 oz (77 g);250.0;110 cal;13,0;7.0;0.0;0;170;32;4;13;2;5
Chocolate Chip Cookie;1 cookie (33 g);160.0;70 cal;8,0;3.5;0.0;10;90;21;1;15;2;5
Oatmeal Raisin Cookie;1 cookie (33 g);150.0;50 cal;6,0;2.5;0.0;10;135;22;1;13;2;5
Kids Ice Cream Cone;1 oz (29 g);45.0;10 cal;1,5;1.0;0.0;5;20;7;0;6;1;5
Hot Fudge Sundae;6.3 oz (179 g);330.0;80 cal;9,0;7.0;0.0;25;170;53;1;48;8;5
Hot Caramel Sundae;6.4 oz (182 g);340.0;70 cal;8,0;5.0;0.0;30;150;60;0;43;7;5
Strawberry Sundae;6.3 oz (178 g);280.0;60 cal;6,0;4.0;0.0;25;85;49;0;45;6;5
Coca-Cola Classic (Small);16 fl oz cup;140.0;0 cal;0,0;0.0;0.0;0;0;39;0;39;0;1
Coca-Cola Classic (Medium);21 fl oz cup;200.0;0 cal;0,0;0.0;0.0;0;5;55;0;55;0;1
Coca-Cola Classic (Large);30 fl oz cup;280.0;0 cal;0,0;0.0;0.0;0;5;76;0;76;0;1
Coca-Cola Classic (Child);12 fl oz cup;100.0;0 cal;0,0;0.0;0.0;0;0;28;0;28;0;1
Diet Coke (Small);16 fl oz cup;;0 cal;0,0;0.0;0.0;0;10;0;0;0;0;1
Diet Coke (Medium);21 fl oz cup;0.0;0 cal;0,0;0.0;0.0;0;20;0;0;0;0;1
Diet Coke (Large);30 fl oz cup;0.0;0 cal;0,0;0.0;0.0;0;35;0;0;0;0;1
Diet Coke (Child);12 fl oz cup;0.0;0 cal;0,0;0.0;0.0;0;15;0;0;0;0;1
Dr Pepper (Small);16 fl oz cup;140.0;0 cal;0,0;0.0;0.0;0;45;37;0;35;0;1
Dr Pepper (Medium);21 fl oz cup;190.0;0 cal;0,0;0.0;0.0;0;65;53;0;51;0;1
Dr Pepper (Large);30 fl oz cup;270.0;0 cal;0,0;0.0;0.0;0;90;72;0;70;0;1
Dr Pepper (Child);12 fl oz cup;100.0;0 cal;0,0;0.0;0.0;0;30;27;0;26;0;1
Diet Dr Pepper (Small);16 fl oz cup;0.0;0 cal;0,0;0.0;0.0;0;70;0;0;0;2;1
Diet Dr Pepper (Medium);21 fl oz cup;;0 cal;0,0;0.0;0.0;0;100;0;0;0;3;1
Diet Dr Pepper (Large);30 fl oz cup;0.0;0 cal;0,0;0.0;0.0;0;140;0;0;0;4;1
Diet Dr Pepper (Child);12 fl oz cup;0.0;0 cal;0,0;0.0;0.0;0;50;0;0;0;1;1
Sprite (Small);16 fl oz cup;140.0;0 cal;0,0;0.0;0.0;0;30;37;0;37;0;1
Sprite (Medium);21 fl oz cup;200.0;0 cal;0,0;0.0;0.0;0;45;54;0;54;0;1
Sprite (Large);30 fl oz cup;280.0;0 cal;0,0;0.0;0.0;0;60;74;0;74;0;1
Sprite (Child);12 fl oz cup;100.0;0 cal;0,0;0.0;0.0;0;25;27;0;27;0;1
1% Low Fat Milk Jug;1 carton (236 ml);100.0;20 cal;2,5;1.5;0.0;10;125;12;0;12;8;1
Fat Free Chocolate Milk Jug;1 carton (236 ml);130.0;0 cal;0,0;0.0;0.0;5;135;23;1;22;9;1
Minute Maid 100% Apple Juice Box;6 fl oz (177 ml);80.0;0 cal;0,0;0.0;0.0;0;15;21;0;19;0;1
Minute Maid Orange Juice (Small);12 fl oz cup;150.0;0 cal;0,0;0.0;0.0;0;0;34;0;30;2;1
Minute Maid Orange Juice (Medium);16 fl oz cup;190.0;0 cal;0,0;0.0;0.0;0;0;44;0;39;3;1
Minute Maid Orange Juice (Large);22 fl oz cup;280.0;0 cal;0,0;0.0;0.0;0;5;65;0;58;4;1
Dasani Water Bottle;16.9 fl oz;;0 cal;0,0;0.0;0.0;0;0;0;0;0;0;1
Iced Tea (Small);16 fl oz cup;0.0;0 cal;0,0;0.0;0.0;0;10;0;0;0;0;4
Iced Tea (Medium);21 fl oz cup;0.0;0 cal;0,0;0.0;0.0;0;10;0;0;0;0;4
Iced Tea (Large);30 fl oz cup;0.0;0 cal;0,0;0.0;0.0;0;15;0;0;0;0;4
Iced Tea (Child);12 fl oz cup;0.0;0 cal;0,0;0.0;0.0;0;5;0;0;0;0;4
Sweet Tea (Small);16 fl oz cup;150.0;0 cal;0,0;0.0;0.0;0;10;36;0;36;1;4
Sweet Tea (Medium);21 fl oz cup;180.0;0 cal;0,0;0.0;0.0;0;10;45;0;45;1;4
Sweet Tea (Large);30 fl oz cup;220.0;0 cal;0,0;0.0;0.0;0;10;54;0;54;1;4
Sweet Tea (Child);12 fl oz cup;110.0;0 cal;0,0;0.0;0.0;0;5;27;0;27;0;4
Coffee (Small);12 fl oz cup;0.0;0 cal;0,0;0.0;0.0;0;0;0;0;0;0;4
Coffee (Medium);16 fl oz cup;0.0;0 cal;0,0;0.0;0.0;0;0;0;0;0;0;4
Coffee (Large);16 fl oz cup;0.0;0 cal;0,0;0.0;0.0;0;0;0;0;0;0;4
Latte (Small);12 fl oz cup;170.0;80 cal;9,0;5.0;0.0;25;115;15;1;12;9;4
Latte (Medium);16 fl oz cup;210.0;90 cal;10,0;6.0;0.0;30;140;18;1;15;11;4
Latte (Large);20 fl oz cup;280.0;120 cal;14,0;8.0;0.0;40;180;24;1;20;15;4
Caramel Latte (Small);12 fl oz cup;270.0;80 cal;9,0;5.0;0.0;25;115;40;1;38;9;4
Caramel Latte (Medium);16 fl oz cup;340.0;90 cal;10,0;6.0;0.0;30;140;50;1;48;11;4
Caramel Latte (Large);20 fl oz cup;430.0;120 cal;14,0;8.0;0.0;40;180;62;1;59;15;4
Hazelnut Latte (Small);12 fl oz cup;270.0;80 cal;9,0;5.0;0.0;25;115;40;1;38;9;4
Hazelnut Latte (Medium);16 fl oz cup;330.0;90 cal;10,0;6.0;0.0;30;140;50;1;47;11;4
Hazelnut Latte (Large);20 fl oz cup;430.0;120 cal;14,0;8.0;0.0;40;180;62;1;58;15;4
French Vanilla Latte (Small);12 fl oz cup;260.0;80 cal;9,0;5.0;0.0;25;115;38;1;36;9;4
French Vanilla Latte (Medium);16 fl oz cup;330.0;90 cal;10,0;6.0;0.0;30;140;48;1;45;11;4
French Vanilla Latte (Large);20 fl oz cup;420.0;120 cal;14,0;8.0;0.0;40;190;60;1;56;15;4
Latte with Sugar Free French Vanilla Syrup (Small);12 fl oz cup;210.0;80 cal;9,0;5.0;0.0;25;150;24;1;12;9;4
Latte with Sugar Free French Vanilla Syrup (Medium);16 fl oz cup;260.0;90 cal;10,0;6.0;0.0;30;190;29;1;15;12;4
Latte with Sugar Free French Vanilla Syrup (Large);20 fl oz cup;330.0;120 cal;14,0;8.0;0.0;40;240;37;2;20;15;4
Nonfat Latte (Small);12 fl oz cup;100.0;0 cal;0,0;0.0;0.0;5;110;15;1;13;10;4
Nonfat Latte (Medium);16 fl oz cup;130.0;0 cal;0,0;0.0;0.0;5;135;19;1;16;12;4
Nonfat Latte (Large);20 fl oz cup;170.0;0 cal;0,5;0.0;0.0;10;180;25;1;21;16;4
Nonfat Caramel Latte (Small);12 fl oz cup;200.0;0 cal;0,0;0.0;0.0;5;110;41;1;39;10;4
Nonfat Caramel Latte (Medium);16 fl oz cup;250.0;0 cal;0,0;0.0;0.0;5;135;51;1;48;12;4
Nonfat Caramel Latte (Large);20 fl oz cup;310.0;0 cal;0,5;0.0;0.0;10;180;63;1;59;16;4
Nonfat Hazelnut Latte (Small);12 fl oz cup;200.0;0 cal;0,0;0.0;0.0;5;110;40;1;38;10;4
Nonfat Hazelnut Latte (Medium);16 fl oz cup;250.0;0 cal;0,0;0.0;0.0;5;135;51;1;48;12;4
Nonfat Hazelnut Latte (Large);20 fl oz cup;310.0;0 cal;0,5;0.0;0.0;10;180;63;1;59;16;4
Nonfat French Vanilla Latte (Small);12 fl oz cup;190.0;0 cal;0,0;0.0;0.0;5;115;39;1;37;10;4
Nonfat French Vanilla Latte (Medium);16 fl oz cup;240.0;0 cal;0,0;0.0;0.0;5;140;49;1;46;12;4
Nonfat French Vanilla Latte (Large);20 fl oz cup;300.0;0 cal;0,5;0.0;0.0;10;180;60;1;56;16;4
Nonfat Latte with Sugar Free French Vanilla Syrup (Small);12 fl oz cup;140.0;0 cal;0,0;0.0;0.0;5;150;24;1;13;10;4
Nonfat Latte with Sugar Free French Vanilla Syrup (Medium);16 fl oz cup;170.0;0 cal;0,0;0.0;0.0;5;180;30;1;16;12;4
Nonfat Latte with Sugar Free French Vanilla Syrup (Large);20 fl oz cup;220.0;0 cal;0,5;0.0;0.0;10;240;38;2;21;16;4
Mocha (Small);12 fl oz cup;340.0;100 cal;11,0;7.0;0.0;35;150;49;2;42;10;4
Mocha (Medium);16 fl oz cup;410.0;120 cal;14,0;8.0;0.0;40;190;60;2;53;13;4
Mocha (Large);20 fl oz cup;500.0;150 cal;17,0;10.0;0.5;50;240;72;2;63;16;4
Mocha with Nonfat Milk (Small);12 fl oz cup;270.0;30 cal;3,5;2.0;0.0;15;150;49;2;43;11;4
Mocha with Nonfat Milk (Medium);16 fl oz cup;330.0;30 cal;3,5;2.0;0.0;15;190;60;2;53;13;4
Mocha with Nonfat Milk (Large);20 fl oz cup;390.0;35 cal;4,0;2.5;0.0;20;240;73;2;64;17;4
Caramel Mocha (Small);12 fl oz cup;320.0;100 cal;11,0;7.0;0.0;35;170;45;1;40;10;4
Caramel Mocha (Medium);16 fl oz cup;390.0;120 cal;14,0;8.0;0.5;40;220;55;1;50;12;4
Caramel Mocha (Large);20 fl oz cup;480.0;150 cal;17,0;10.0;0.5;50;270;66;1;60;16;4
Nonfat Caramel Mocha (Small);12 fl oz cup;250.0;30 cal;3,5;2.0;0.0;15;170;45;1;41;10;4
Nonfat Caramel Mocha (Medium);16 fl oz cup;310.0;30 cal;3,5;2.0;0.0;15;210;56;1;51;13;4
Nonfat Caramel Mocha (Large);20 fl oz cup;370.0;35 cal;3,5;2.5;0.0;20;270;67;1;61;17;4
Hot Chocolate (Small);12 fl oz cup;360.0;120 cal;13,0;8.0;0.0;40;180;50;1;45;11;4
Hot Chocolate (Medium);16 fl oz cup;440.0;140 cal;16,0;9.0;0.5;50;220;61;1;56;14;4
Hot Chocolate (Large);20 fl oz cup;540.0;180 cal;20,0;12.0;0.5;60;280;73;1;68;17;4
Hot Chocolate with Nonfat Milk (Small);12 fl oz cup;280.0;30 cal;3,5;2.0;0.0;15;180;50;1;46;12;4
Hot Chocolate with Nonfat Milk (Medium);16 fl oz cup;340.0;30 cal;3,5;2.0;0.0;15;220;61;1;57;14;4
Hot Chocolate with Nonfat Milk (Large);20 fl oz cup;400.0;35 cal;3,5;2.5;0.0;20;280;74;1;69;19;4
Regular Iced Coffee (Small);16 fl oz cup;140.0;40 cal;4,5;3.0;0.0;15;35;23;0;22;1;4
Regular Iced Coffee (Medium);22 fl oz cup;190.0;60 cal;7,0;4.5;0.0;25;50;31;0;30;1;4
Regular Iced Coffee (Large);32 fl oz cup;270.0;80 cal;9,0;6.0;0.0;35;75;47;0;45;2;4
Caramel Iced Coffee (Small);16 fl oz cup;130.0;40 cal;4,5;3.0;0.0;15;35;22;0;21;1;4
Caramel Iced Coffee (Medium);22 fl oz cup;180.0;60 cal;7,0;4.5;0.0;25;50;29;0;28;1;4
Caramel Iced Coffee (Large);32 fl oz cup;260.0;80 cal;9,0;6.0;0.0;35;65;43;0;42;2;4
Hazelnut Iced Coffee (Small);16 fl oz cup;130.0;40 cal;4,5;3.0;0.0;15;35;21;0;20;1;4
Hazelnut Iced Coffee (Medium);22 fl oz cup;180.0;60 cal;7,0;4.5;0.0;25;50;29;0;28;1;4
Hazelnut Iced Coffee (Large);32 fl oz cup;250.0;80 cal;9,0;6.0;0.0;35;75;43;0;41;2;4
French Vanilla Iced Coffee (Small);16 fl oz cup;120.0;40 cal;4,5;3.0;0.0;15;40;20;0;19;1;4
French Vanilla Iced Coffee (Medium);22 fl oz cup;170.0;60 cal;7,0;4.5;0.0;25;55;27;0;26;1;4
French Vanilla Iced Coffee (Large);32 fl oz cup;240.0;80 cal;9,0;6.0;0.0;35;80;41;0;39;2;4
Iced Coffee with Sugar Free French Vanilla Syrup (Small);16 fl oz cup;80.0;40 cal;4,5;3.0;0.0;15;65;9;0;1;1;4
Iced Coffee with Sugar Free French Vanilla Syrup (Medium);22 fl oz cup;120.0;60 cal;7,0;4.5;0.0;25;90;12;0;2;1;4
Iced Coffee with Sugar Free French Vanilla Syrup (Large);32 fl oz cup;160.0;80 cal;9,0;6.0;0.0;35;135;18;0;2;2;4
Iced Mocha (Small);12 fl oz cup;290.0;100 cal;11,0;7.0;0.0;35;125;41;1;34;8;4
Iced Mocha (Medium);16 fl oz cup;350.0;110 cal;13,0;8.0;0.0;40;150;50;1;43;9;4
Iced Mocha (Large);22 fl oz cup;480.0;150 cal;16,0;10.0;0.5;50;220;70;2;62;14;4
Iced Mocha with Nonfat Milk (Small);12 fl oz cup;240.0;45 cal;5,0;3.0;0.0;20;125;41;1;35;8;4
Iced Mocha with Nonfat Milk (Medium);16 fl oz cup;290.0;45 cal;5,0;3.5;0.0;20;150;50;1;43;10;4
Iced Mocha with Nonfat Milk (Large);22 fl oz cup;390.0;50 cal;6,0;3.5;0.0;25;220;71;2;62;14;4
Iced Caramel Mocha (Small);12 fl oz cup;280.0;100 cal;11,0;7.0;0.0;35;140;38;0;33;8;4
Iced Caramel Mocha (Medium);16 fl oz cup;340.0;110 cal;13,0;7.0;0.0;40;170;46;1;41;9;4
Iced Caramel Mocha (Large);22 fl oz cup;460.0;150 cal;16,0;10.0;0.5;50;250;65;1;59;13;4
Iced Nonfat Caramel Mocha (Small);12 fl oz cup;230.0;45 cal;5,0;3.0;0.0;20;140;38;0;33;8;4
Iced Nonfat Caramel Mocha (Medium);16 fl oz cup;270.0;45 cal;5,0;3.0;0.0;20;170;47;1;41;10;4
Iced Nonfat Caramel Mocha (Large);22 fl oz cup;370.0;50 cal;6,0;3.5;0.0;25;250;65;1;59;14;4
Frappé Mocha (Small);12 fl oz cup;450.0;160 cal;18,0;12.0;1.0;65;125;65;1;57;7;4
Frappé Mocha (Medium);16 fl oz cup;550.0;200 cal;22,0;14.0;1.0;75;160;80;1;71;9;4
Frappé Mocha (Large);22 fl oz cup;670.0;240 cal;26,0;17.0;1.0;90;190;98;1;88;11;4
Frappé Caramel (Small);12 fl oz cup;450.0;170 cal;19,0;12.0;1.0;65;125;64;0;57;7;4
Frappé Caramel (Medium);16 fl oz cup;550.0;200 cal;23,0;15.0;1.0;80;160;79;0;71;9;4
Frappé Caramel (Large);22 fl oz cup;670.0;250 cal;27,0;17.0;1.5;95;190;96;0;88;11;4
Frappé Chocolate Chip (Small);12 fl oz cup;530.0;200 cal;23,0;14.0;1.0;65;135;76;1;67;8;4
Frappé Chocolate Chip (Medium);16 fl oz cup;630.0;240 cal;26,0;17.0;1.0;80;160;91;1;81;9;4
Frappé Chocolate Chip (Large);22 fl oz cup;760.0;280 cal;31,0;20.0;1.5;95;200;111;1;99;12;4
Blueberry Pomegranate Smoothie (Small);12 fl oz cup;220.0;5 cal;0,5;0.0;0.0;5;40;50;3;44;2;7
Blueberry Pomegranate Smoothie (Medium);16 fl oz cup;260.0;5 cal;1,0;0.0;0.0;5;50;62;4;54;3;7
Blueberry Pomegranate Smoothie (Large);22 fl oz cup;340.0;10 cal;1,0;0.5;0.0;5;65;79;5;70;4;7
Strawberry Banana Smoothie (Small);12 fl oz cup;210.0;5 cal;0,5;0.0;0.0;5;50;47;3;44;3;7
Strawberry Banana Smoothie (Medium);16 fl oz cup;250.0;5 cal;1,0;0.0;0.0;5;60;58;3;54;4;7
Strawberry Banana Smoothie (Large);22 fl oz cup;330.0;10 cal;1,0;0.5;0.0;5;80;74;4;70;5;7
Mango Pineapple Smoothie (Small);12 fl oz cup;210.0;5 cal;0,5;0.0;0.0;5;40;50;1;46;2;7
Mango Pineapple Smoothie (Medium);16 fl oz cup;260.0;10 cal;1,0;0.0;0.0;5;45;61;1;56;3;7
Mango Pineapple Smoothie (Large);22 fl oz cup;340.0;10 cal;1,0;0.5;0.0;5;60;78;2;72;4;7
Vanilla Shake (Small);12 fl oz cup;530.0;140 cal;15,0;10.0;1.0;60;160;86;0;63;11;7
Vanilla Shake (Medium);16 fl oz cup;660.0;170 cal;19,0;12.0;1.0;75;200;109;0;81;14;7
Vanilla Shake (Large);22 fl oz cup;820.0;210 cal;23,0;15.0;1.0;90;260;135;0;101;18;7
Strawberry Shake (Small);12 fl oz cup;550.0;150 cal;16,0;10.0;1.0;60;160;90;0;79;12;7
Strawberry Shake (Medium);16 fl oz cup;690.0;180 cal;20,0;13.0;1.0;75;210;114;0;100;15;7
Strawberry Shake (Large);22 fl oz cup;850.0;210 cal;24,0;15.0;1.0;90;260;140;0;123;18;7
Chocolate Shake (Small);12 fl oz cup;560.0;150 cal;16,0;10.0;1.0;60;240;91;1;77;12;7
Chocolate Shake (Medium);16 fl oz cup;700.0;180 cal;20,0;12.0;1.0;75;300;114;2;97;15;7
Chocolate Shake (Large);22 fl oz cup;850.0;210 cal;23,0;15.0;1.0;85;380;141;2;120;19;7
Shamrock Shake (Medium);16 fl oz cup;660.0;170 cal;19,0;12.0;1.0;75;210;109;0;93;14;7
Shamrock Shake (Large);22 fl oz cup;820.0;210 cal;23,0;15.0;1.0;90;260;135;0;115;18;7
McFlurry with M&M’s Candies (Small);10.9 oz (310 g);650.0;210 cal;23,0;14.0;0.5;50;180;96;1;89;13;7
McFlurry with M&M’s Candies (Medium);16.2 oz (460 g);930.0;290 cal;33,0;20.0;1.0;75;260;139;2;128;20;7
McFlurry with M&M’s Candies (Snack);7.3 oz (207 g);430.0;140 cal;15,0;10.0;0.0;35;120;64;1;59;9;7
McFlurry with Oreo Cookies (Small);10.1 oz (285 g);510.0;150 cal;17,0;9.0;0.5;45;280;80;1;64;12;7
McFlurry with Oreo Cookies (Medium);13.4 oz (381 g);690.0;200 cal;23,0;12.0;1.0;55;380;106;1;85;15;7
McFlurry with Oreo Cookies (Snack);6.7 oz (190 g);340.0;100 cal;11,0;6.0;0.0;30;190;53;1;43;8;7
McFlurry with Reese's Peanut Butter Cups (Medium);14.2 oz (403 g);810.0;290 cal;32,0;15.0;1.0;60;400;114;2;103;21;7
McFlurry with Reese's Peanut Butter Cups (Snack);7.1 oz (202 g);410.0;150 cal;16,0;8.0;0.0;30;200;57;1;51;10;7
